{
    "horizon": 12,
    "S&P_500_INDEX": 0.2207643646102338,
    "FTSE_MIB_INDEX": 0.0694483463203489,
    "GOLD_SPOT_$_OZ": 0.13229508340736695,
    "MSCI_EM": 0.053951319633484915,
    "MSCI_EURO": 0.05,
    "All_Bonds_TR": 0.21196383889227177,
    "U.S._Treasury": 0.2615770471362935
}